Domain Code,Domain,Area Code (M49),Area,Element Code,Element,Item Code (CPC),Item,Year Code,Year,Unit,Value,Flag,Flag Description,Note
"QCL","Crops and livestock products","404","Kenya","5412","Yield","01701","Beans, dry","1984","1984","kg/ha","612.2","E","Estimated value",""
"QCL","Crops and livestock products","404","Kenya","5412","Yield","01701","Beans, dry","1985","1985","kg/ha","612.2","E","Estimated value",""
"QCL","Crops and livestock products","404","Kenya","5412","Yield","01701","Beans, dry","1986","1986","kg/ha","615.4","E","Estimated value",""
"QCL","Crops and livestock products","404","Kenya","5412","Yield","01701","Beans, dry","1987","1987","kg/ha","636.4","E","Estimated value",""
"QCL","Crops and livestock products","404","Kenya","5412","Yield","01701","Beans, dry","1988","1988","kg/ha","655.2","E","Estimated value",""
"QCL","Crops and livestock products","404","Kenya","5412","Yield","01701","Beans, dry","1989","1989","kg/ha","631.5","A","Official figure",""
"QCL","Crops and livestock products","404","Kenya","5412","Yield","01701","Beans, dry","1990","1990","kg/ha","838.2","A","Official figure",""
"QCL","Crops and livestock products","404","Kenya","5412","Yield","01701","Beans, dry","1991","1991","kg/ha","665.1","A","Official figure",""
"QCL","Crops and livestock products","404","Kenya","5412","Yield","01701","Beans, dry","1992","1992","kg/ha","764.1","A","Official figure",""
"QCL","Crops and livestock products","404","Kenya","5412","Yield","01701","Beans, dry","1993","1993","kg/ha","650.8","A","Official figure",""
"QCL","Crops and livestock products","404","Kenya","5412","Yield","01701","Beans, dry","1994","1994","kg/ha","431.9","A","Official figure",""
"QCL","Crops and livestock products","404","Kenya","5412","Yield","01701","Beans, dry","1995","1995","kg/ha","521.7","A","Official figure",""
"QCL","Crops and livestock products","404","Kenya","5412","Yield","01701","Beans, dry","1996","1996","kg/ha","313.6","A","Official figure",""
"QCL","Crops and livestock products","404","Kenya","5412","Yield","01701","Beans, dry","1997","1997","kg/ha","312.7","A","Official figure",""
"QCL","Crops and livestock products","404","Kenya","5412","Yield","01701","Beans, dry","1998","1998","kg/ha","384.5","A","Official figure",""
"QCL","Crops and livestock products","404","Kenya","5412","Yield","01701","Beans, dry","1999","1999","kg/ha","474.2","A","Official figure",""
"QCL","Crops and livestock products","404","Kenya","5412","Yield","01701","Beans, dry","2000","2000","kg/ha","430","A","Official figure",""
"QCL","Crops and livestock products","404","Kenya","5412","Yield","01701","Beans, dry","2001","2001","kg/ha","380.8","A","Official figure",""
"QCL","Crops and livestock products","404","Kenya","5412","Yield","01701","Beans, dry","2002","2002","kg/ha","517.7","A","Official figure",""
"QCL","Crops and livestock products","404","Kenya","5412","Yield","01701","Beans, dry","2003","2003","kg/ha","478","A","Official figure",""
"QCL","Crops and livestock products","404","Kenya","5412","Yield","01701","Beans, dry","2004","2004","kg/ha","352.6","A","Official figure",""
"QCL","Crops and livestock products","404","Kenya","5412","Yield","01701","Beans, dry","2005","2005","kg/ha","369.6","A","Official figure",""
"QCL","Crops and livestock products","404","Kenya","5412","Yield","01701","Beans, dry","2006","2006","kg/ha","534.3","A","Official figure",""
"QCL","Crops and livestock products","404","Kenya","5412","Yield","01701","Beans, dry","2007","2007","kg/ha","507.9","A","Official figure",""
"QCL","Crops and livestock products","404","Kenya","5412","Yield","01701","Beans, dry","2008","2008","kg/ha","412.8","A","Official figure",""
"QCL","Crops and livestock products","404","Kenya","5412","Yield","01701","Beans, dry","2009","2009","kg/ha","484.4","A","Official figure",""
"QCL","Crops and livestock products","404","Kenya","5412","Yield","01701","Beans, dry","2010","2010","kg/ha","566.6","A","Official figure",""
"QCL","Crops and livestock products","404","Kenya","5412","Yield","01701","Beans, dry","2011","2011","kg/ha","557.2","A","Official figure",""
"QCL","Crops and livestock products","404","Kenya","5412","Yield","01701","Beans, dry","2012","2012","kg/ha","589.7","A","Official figure",""
"QCL","Crops and livestock products","404","Kenya","5412","Yield","01701","Beans, dry","2013","2013","kg/ha","659.4","A","Official figure",""
"QCL","Crops and livestock products","404","Kenya","5412","Yield","01701","Beans, dry","2014","2014","kg/ha","585.3","A","Official figure",""
"QCL","Crops and livestock products","404","Kenya","5412","Yield","01701","Beans, dry","2015","2015","kg/ha","615","A","Official figure",""
"QCL","Crops and livestock products","404","Kenya","5412","Yield","01701","Beans, dry","2016","2016","kg/ha","621.5","A","Official figure",""
"QCL","Crops and livestock products","404","Kenya","5412","Yield","01701","Beans, dry","2017","2017","kg/ha","821","A","Official figure",""
"QCL","Crops and livestock products","404","Kenya","5412","Yield","01701","Beans, dry","2018","2018","kg/ha","711","A","Official figure",""
"QCL","Crops and livestock products","404","Kenya","5412","Yield","01701","Beans, dry","2019","2019","kg/ha","628.4","A","Official figure",""
"QCL","Crops and livestock products","404","Kenya","5412","Yield","01701","Beans, dry","2020","2020","kg/ha","674.7","A","Official figure",""
"QCL","Crops and livestock products","404","Kenya","5412","Yield","01701","Beans, dry","2021","2021","kg/ha","591.1","A","Official figure",""
"QCL","Crops and livestock products","404","Kenya","5412","Yield","01701","Beans, dry","2022","2022","kg/ha","591.3","A","Official figure",""
"QCL","Crops and livestock products","404","Kenya","5412","Yield","01701","Beans, dry","2023","2023","kg/ha","705.7","A","Official figure",""
"QCL","Crops and livestock products","404","Kenya","5412","Yield","01701","Beans, dry","2024","2024","kg/ha","734.9","A","Official figure",""
"QCL","Crops and livestock products","404","Kenya","5412","Yield","01610","Coffee, green","1984","1984","kg/ha","790.3","A","Official figure",""
"QCL","Crops and livestock products","404","Kenya","5412","Yield","01610","Coffee, green","1985","1985","kg/ha","615.8","A","Official figure",""
"QCL","Crops and livestock products","404","Kenya","5412","Yield","01610","Coffee, green","1986","1986","kg/ha","728.9","A","Official figure",""
"QCL","Crops and livestock products","404","Kenya","5412","Yield","01610","Coffee, green","1987","1987","kg/ha","677.5","A","Official figure",""
"QCL","Crops and livestock products","404","Kenya","5412","Yield","01610","Coffee, green","1988","1988","kg/ha","823.4","A","Official figure",""
"QCL","Crops and livestock products","404","Kenya","5412","Yield","01610","Coffee, green","1989","1989","kg/ha","763.6","A","Official figure",""
"QCL","Crops and livestock products","404","Kenya","5412","Yield","01610","Coffee, green","1990","1990","kg/ha","678.6","A","Official figure",""
"QCL","Crops and livestock products","404","Kenya","5412","Yield","01610","Coffee, green","1991","1991","kg/ha","556","A","Official figure",""
"QCL","Crops and livestock products","404","Kenya","5412","Yield","01610","Coffee, green","1992","1992","kg/ha","554.6","A","Official figure",""
"QCL","Crops and livestock products","404","Kenya","5412","Yield","01610","Coffee, green","1993","1993","kg/ha","474.7","A","Official figure",""
"QCL","Crops and livestock products","404","Kenya","5412","Yield","01610","Coffee, green","1994","1994","kg/ha","503.5","A","Official figure",""
"QCL","Crops and livestock products","404","Kenya","5412","Yield","01610","Coffee, green","1995","1995","kg/ha","594.4","A","Official figure",""
"QCL","Crops and livestock products","404","Kenya","5412","Yield","01610","Coffee, green","1996","1996","kg/ha","552.3","A","Official figure",""
"QCL","Crops and livestock products","404","Kenya","5412","Yield","01610","Coffee, green","1997","1997","kg/ha","388","A","Official figure",""
"QCL","Crops and livestock products","404","Kenya","5412","Yield","01610","Coffee, green","1998","1998","kg/ha","300.9","A","Official figure",""
"QCL","Crops and livestock products","404","Kenya","5412","Yield","01610","Coffee, green","1999","1999","kg/ha","400.6","A","Official figure",""
"QCL","Crops and livestock products","404","Kenya","5412","Yield","01610","Coffee, green","2000","2000","kg/ha","592.4","A","Official figure",""
"QCL","Crops and livestock products","404","Kenya","5412","Yield","01610","Coffee, green","2001","2001","kg/ha","304.1","A","Official figure",""
"QCL","Crops and livestock products","404","Kenya","5412","Yield","01610","Coffee, green","2002","2002","kg/ha","305.3","A","Official figure",""
"QCL","Crops and livestock products","404","Kenya","5412","Yield","01610","Coffee, green","2003","2003","kg/ha","326.1","A","Official figure",""
"QCL","Crops and livestock products","404","Kenya","5412","Yield","01610","Coffee, green","2004","2004","kg/ha","284.9","A","Official figure",""
"QCL","Crops and livestock products","404","Kenya","5412","Yield","01610","Coffee, green","2005","2005","kg/ha","265.9","A","Official figure",""
"QCL","Crops and livestock products","404","Kenya","5412","Yield","01610","Coffee, green","2006","2006","kg/ha","284.1","A","Official figure",""
"QCL","Crops and livestock products","404","Kenya","5412","Yield","01610","Coffee, green","2007","2007","kg/ha","327.4","A","Official figure",""
"QCL","Crops and livestock products","404","Kenya","5412","Yield","01610","Coffee, green","2008","2008","kg/ha","271","A","Official figure",""
"QCL","Crops and livestock products","404","Kenya","5412","Yield","01610","Coffee, green","2009","2009","kg/ha","337.5","A","Official figure",""
"QCL","Crops and livestock products","404","Kenya","5412","Yield","01610","Coffee, green","2010","2010","kg/ha","262.5","A","Official figure",""
"QCL","Crops and livestock products","404","Kenya","5412","Yield","01610","Coffee, green","2011","2011","kg/ha","314","A","Official figure",""
"QCL","Crops and livestock products","404","Kenya","5412","Yield","01610","Coffee, green","2012","2012","kg/ha","446.3","A","Official figure",""
"QCL","Crops and livestock products","404","Kenya","5412","Yield","01610","Coffee, green","2013","2013","kg/ha","362.5","A","Official figure",""
"QCL","Crops and livestock products","404","Kenya","5412","Yield","01610","Coffee, green","2014","2014","kg/ha","450","A","Official figure",""
"QCL","Crops and livestock products","404","Kenya","5412","Yield","01610","Coffee, green","2015","2015","kg/ha","370","A","Official figure",""
"QCL","Crops and livestock products","404","Kenya","5412","Yield","01610","Coffee, green","2016","2016","kg/ha","404.4","A","Official figure",""
"QCL","Crops and livestock products","404","Kenya","5412","Yield","01610","Coffee, green","2017","2017","kg/ha","336.7","A","Official figure",""
"QCL","Crops and livestock products","404","Kenya","5412","Yield","01610","Coffee, green","2018","2018","kg/ha","358","A","Official figure",""
"QCL","Crops and livestock products","404","Kenya","5412","Yield","01610","Coffee, green","2019","2019","kg/ha","372.1","A","Official figure",""
"QCL","Crops and livestock products","404","Kenya","5412","Yield","01610","Coffee, green","2020","2020","kg/ha","308.3","A","Official figure",""
"QCL","Crops and livestock products","404","Kenya","5412","Yield","01610","Coffee, green","2021","2021","kg/ha","318.9","A","Official figure",""
"QCL","Crops and livestock products","404","Kenya","5412","Yield","01610","Coffee, green","2022","2022","kg/ha","474.4","A","Official figure",""
"QCL","Crops and livestock products","404","Kenya","5412","Yield","01610","Coffee, green","2023","2023","kg/ha","435.2","A","Official figure",""
"QCL","Crops and livestock products","404","Kenya","5412","Yield","01610","Coffee, green","2024","2024","kg/ha","435.7","A","Official figure",""
"QCL","Crops and livestock products","404","Kenya","5412","Yield","0112","Maize (corn)","1984","1984","kg/ha","1443.7","A","Official figure",""
"QCL","Crops and livestock products","404","Kenya","5412","Yield","0112","Maize (corn)","1985","1985","kg/ha","1722.2","A","Official figure",""
"QCL","Crops and livestock products","404","Kenya","5412","Yield","0112","Maize (corn)","1986","1986","kg/ha","2034.3","A","Official figure",""
"QCL","Crops and livestock products","404","Kenya","5412","Yield","0112","Maize (corn)","1987","1987","kg/ha","1716.9","A","Official figure",""
"QCL","Crops and livestock products","404","Kenya","5412","Yield","0112","Maize (corn)","1988","1988","kg/ha","1903","A","Official figure",""
"QCL","Crops and livestock products","404","Kenya","5412","Yield","0112","Maize (corn)","1989","1989","kg/ha","1852.6","A","Official figure",""
"QCL","Crops and livestock products","404","Kenya","5412","Yield","0112","Maize (corn)","1990","1990","kg/ha","1659.1","A","Official figure",""
"QCL","Crops and livestock products","404","Kenya","5412","Yield","0112","Maize (corn)","1991","1991","kg/ha","1832.1","A","Official figure",""
"QCL","Crops and livestock products","404","Kenya","5412","Yield","0112","Maize (corn)","1992","1992","kg/ha","1727.1","A","Official figure",""
"QCL","Crops and livestock products","404","Kenya","5412","Yield","0112","Maize (corn)","1993","1993","kg/ha","1554.9","A","Official figure",""
"QCL","Crops and livestock products","404","Kenya","5412","Yield","0112","Maize (corn)","1994","1994","kg/ha","2040","A","Official figure",""
"QCL","Crops and livestock products","404","Kenya","5412","Yield","0112","Maize (corn)","1995","1995","kg/ha","1875.9","A","Official figure",""
"QCL","Crops and livestock products","404","Kenya","5412","Yield","0112","Maize (corn)","1996","1996","kg/ha","1450.6","A","Official figure",""
"QCL","Crops and livestock products","404","Kenya","5412","Yield","0112","Maize (corn)","1997","1997","kg/ha","1471.3","A","Official figure",""
"QCL","Crops and livestock products","404","Kenya","5412","Yield","0112","Maize (corn)","1998","1998","kg/ha","1669.7","A","Official figure",""
"QCL","Crops and livestock products","404","Kenya","5412","Yield","0112","Maize (corn)","1999","1999","kg/ha","1481.7","A","Official figure",""
"QCL","Crops and livestock products","404","Kenya","5412","Yield","0112","Maize (corn)","2000","2000","kg/ha","1440","A","Official figure",""
"QCL","Crops and livestock products","404","Kenya","5412","Yield","0112","Maize (corn)","2001","2001","kg/ha","1701.2","A","Official figure",""
"QCL","Crops and livestock products","404","Kenya","5412","Yield","0112","Maize (corn)","2002","2002","kg/ha","1512.6","A","Official figure",""
"QCL","Crops and livestock products","404","Kenya","5412","Yield","0112","Maize (corn)","2003","2003","kg/ha","1622.4","A","Official figure",""
"QCL","Crops and livestock products","404","Kenya","5412","Yield","0112","Maize (corn)","2004","2004","kg/ha","1929.3","A","Official figure",""
"QCL","Crops and livestock products","404","Kenya","5412","Yield","0112","Maize (corn)","2005","2005","kg/ha","1640.5","A","Official figure",""
"QCL","Crops and livestock products","404","Kenya","5412","Yield","0112","Maize (corn)","2006","2006","kg/ha","1719.7","A","Official figure",""
"QCL","Crops and livestock products","404","Kenya","5412","Yield","0112","Maize (corn)","2007","2007","kg/ha","1813.2","A","Official figure",""
"QCL","Crops and livestock products","404","Kenya","5412","Yield","0112","Maize (corn)","2008","2008","kg/ha","1392.5","A","Official figure",""
"QCL","Crops and livestock products","404","Kenya","5412","Yield","0112","Maize (corn)","2009","2009","kg/ha","1294.3","A","Official figure",""
"QCL","Crops and livestock products","404","Kenya","5412","Yield","0112","Maize (corn)","2010","2010","kg/ha","1725.1","A","Official figure",""
"QCL","Crops and livestock products","404","Kenya","5412","Yield","0112","Maize (corn)","2011","2011","kg/ha","1584","A","Official figure",""
"QCL","Crops and livestock products","404","Kenya","5412","Yield","0112","Maize (corn)","2012","2012","kg/ha","1736.6","A","Official figure",""
"QCL","Crops and livestock products","404","Kenya","5412","Yield","0112","Maize (corn)","2013","2013","kg/ha","1692.2","A","Official figure",""
"QCL","Crops and livestock products","404","Kenya","5412","Yield","0112","Maize (corn)","2014","2014","kg/ha","1660.2","A","Official figure",""
"QCL","Crops and livestock products","404","Kenya","5412","Yield","0112","Maize (corn)","2015","2015","kg/ha","1823","A","Official figure",""
"QCL","Crops and livestock products","404","Kenya","5412","Yield","0112","Maize (corn)","2016","2016","kg/ha","1428.4","A","Official figure",""
"QCL","Crops and livestock products","404","Kenya","5412","Yield","0112","Maize (corn)","2017","2017","kg/ha","1527.2","A","Official figure",""
"QCL","Crops and livestock products","404","Kenya","5412","Yield","0112","Maize (corn)","2018","2018","kg/ha","1765.6","A","Official figure",""
"QCL","Crops and livestock products","404","Kenya","5412","Yield","0112","Maize (corn)","2019","2019","kg/ha","1560","A","Official figure",""
"QCL","Crops and livestock products","404","Kenya","5412","Yield","0112","Maize (corn)","2020","2020","kg/ha","1774.1","A","Official figure",""
"QCL","Crops and livestock products","404","Kenya","5412","Yield","0112","Maize (corn)","2021","2021","kg/ha","1523.8","A","Official figure",""
"QCL","Crops and livestock products","404","Kenya","5412","Yield","0112","Maize (corn)","2022","2022","kg/ha","1458.3","A","Official figure",""
"QCL","Crops and livestock products","404","Kenya","5412","Yield","0112","Maize (corn)","2023","2023","kg/ha","1763.4","A","Official figure",""
"QCL","Crops and livestock products","404","Kenya","5412","Yield","0112","Maize (corn)","2024","2024","kg/ha","1666.2","A","Official figure",""
"QCL","Crops and livestock products","404","Kenya","5412","Yield","01620","Tea leaves","1984","1984","kg/ha","1394.1","A","Official figure",""
"QCL","Crops and livestock products","404","Kenya","5412","Yield","01620","Tea leaves","1985","1985","kg/ha","1757.1","A","Official figure",""
"QCL","Crops and livestock products","404","Kenya","5412","Yield","01620","Tea leaves","1986","1986","kg/ha","1698.1","E","Estimated value",""
"QCL","Crops and livestock products","404","Kenya","5412","Yield","01620","Tea leaves","1987","1987","kg/ha","1824.4","A","Official figure",""
"QCL","Crops and livestock products","404","Kenya","5412","Yield","01620","Tea leaves","1988","1988","kg/ha","1889.7","A","Official figure",""
"QCL","Crops and livestock products","404","Kenya","5412","Yield","01620","Tea leaves","1989","1989","kg/ha","2064.7","A","Official figure",""
"QCL","Crops and livestock products","404","Kenya","5412","Yield","01620","Tea leaves","1990","1990","kg/ha","2031.3","A","Official figure",""
"QCL","Crops and livestock products","404","Kenya","5412","Yield","01620","Tea leaves","1991","1991","kg/ha","8794.9","E","Estimated value",""
"QCL","Crops and livestock products","404","Kenya","5412","Yield","01620","Tea leaves","1992","1992","kg/ha","8031.8","E","Estimated value",""
"QCL","Crops and livestock products","404","Kenya","5412","Yield","01620","Tea leaves","1993","1993","kg/ha","8754.5","E","Estimated value",""
"QCL","Crops and livestock products","404","Kenya","5412","Yield","01620","Tea leaves","1994","1994","kg/ha","8265.2","E","Estimated value",""
"QCL","Crops and livestock products","404","Kenya","5412","Yield","01620","Tea leaves","1995","1995","kg/ha","9444.2","E","Estimated value",""
"QCL","Crops and livestock products","404","Kenya","5412","Yield","01620","Tea leaves","1996","1996","kg/ha","9834.6","E","Estimated value",""
"QCL","Crops and livestock products","404","Kenya","5412","Yield","01620","Tea leaves","1997","1997","kg/ha","8429","E","Estimated value",""
"QCL","Crops and livestock products","404","Kenya","5412","Yield","01620","Tea leaves","1998","1998","kg/ha","10779.6","E","Estimated value",""
"QCL","Crops and livestock products","404","Kenya","5412","Yield","01620","Tea leaves","1999","1999","kg/ha","9119.3","E","Estimated value",""
"QCL","Crops and livestock products","404","Kenya","5412","Yield","01620","Tea leaves","2000","2000","kg/ha","8530.6","E","Estimated value",""
"QCL","Crops and livestock products","404","Kenya","5412","Yield","01620","Tea leaves","2001","2001","kg/ha","10306.5","E","Estimated value",""
"QCL","Crops and livestock products","404","Kenya","5412","Yield","01620","Tea leaves","2002","2002","kg/ha","9494.1","E","Estimated value",""
"QCL","Crops and livestock products","404","Kenya","5412","Yield","01620","Tea leaves","2003","2003","kg/ha","9714.7","E","Estimated value",""
"QCL","Crops and livestock products","404","Kenya","5412","Yield","01620","Tea leaves","2004","2004","kg/ha","10321.9","E","Estimated value",""
"QCL","Crops and livestock products","404","Kenya","5412","Yield","01620","Tea leaves","2005","2005","kg/ha","10106.2","E","Estimated value",""
"QCL","Crops and livestock products","404","Kenya","5412","Yield","01620","Tea leaves","2006","2006","kg/ha","9178.7","E","Estimated value",""
"QCL","Crops and livestock products","404","Kenya","5412","Yield","01620","Tea leaves","2007","2007","kg/ha","10771.5","E","Estimated value",""
"QCL","Crops and livestock products","404","Kenya","5412","Yield","01620","Tea leaves","2008","2008","kg/ha","9530.8","E","Estimated value",""
"QCL","Crops and livestock products","404","Kenya","5412","Yield","01620","Tea leaves","2009","2009","kg/ha","8629.5","E","Estimated value",""
"QCL","Crops and livestock products","404","Kenya","5412","Yield","01620","Tea leaves","2010","2010","kg/ha","10092.1","E","Estimated value",""
"QCL","Crops and livestock products","404","Kenya","5412","Yield","01620","Tea leaves","2011","2011","kg/ha","8746.1","E","Estimated value",""
"QCL","Crops and livestock products","404","Kenya","5412","Yield","01620","Tea leaves","2012","2012","kg/ha","8426","E","Estimated value",""
"QCL","Crops and livestock products","404","Kenya","5412","Yield","01620","Tea leaves","2013","2013","kg/ha","9466.3","E","Estimated value",""
"QCL","Crops and livestock products","404","Kenya","5412","Yield","01620","Tea leaves","2014","2014","kg/ha","9531.7","E","Estimated value",""
"QCL","Crops and livestock products","404","Kenya","5412","Yield","01620","Tea leaves","2015","2015","kg/ha","8285.6","E","Estimated value",""
"QCL","Crops and livestock products","404","Kenya","5412","Yield","01620","Tea leaves","2016","2016","kg/ha","9414.2","E","Estimated value",""
"QCL","Crops and livestock products","404","Kenya","5412","Yield","01620","Tea leaves","2017","2017","kg/ha","8216.6","E","Estimated value",""
"QCL","Crops and livestock products","404","Kenya","5412","Yield","01620","Tea leaves","2018","2018","kg/ha","9072.8","E","Estimated value",""
"QCL","Crops and livestock products","404","Kenya","5412","Yield","01620","Tea leaves","2019","2019","kg/ha","7405.3","E","Estimated value",""
"QCL","Crops and livestock products","404","Kenya","5412","Yield","01620","Tea leaves","2020","2020","kg/ha","11321.5","E","Estimated value",""
"QCL","Crops and livestock products","404","Kenya","5412","Yield","01620","Tea leaves","2021","2021","kg/ha","11100","A","Official figure",""
"QCL","Crops and livestock products","404","Kenya","5412","Yield","01620","Tea leaves","2022","2022","kg/ha","10709.5","A","Official figure",""
"QCL","Crops and livestock products","404","Kenya","5412","Yield","01620","Tea leaves","2023","2023","kg/ha","11316.1","A","Official figure",""
"QCL","Crops and livestock products","404","Kenya","5412","Yield","01620","Tea leaves","2024","2024","kg/ha","11765.3","A","Official figure",""
"QCL","Crops and livestock products","404","Kenya","5412","Yield","0111","Wheat","1984","1984","kg/ha","1377","A","Official figure",""
"QCL","Crops and livestock products","404","Kenya","5412","Yield","0111","Wheat","1985","1985","kg/ha","1890","A","Official figure",""
"QCL","Crops and livestock products","404","Kenya","5412","Yield","0111","Wheat","1986","1986","kg/ha","1866.6","A","Official figure",""
"QCL","Crops and livestock products","404","Kenya","5412","Yield","0111","Wheat","1987","1987","kg/ha","1482.4","A","Official figure",""
"QCL","Crops and livestock products","404","Kenya","5412","Yield","0111","Wheat","1988","1988","kg/ha","1633","A","Official figure",""
"QCL","Crops and livestock products","404","Kenya","5412","Yield","0111","Wheat","1989","1989","kg/ha","1583.9","A","Official figure",""
"QCL","Crops and livestock products","404","Kenya","5412","Yield","0111","Wheat","1990","1990","kg/ha","1655.1","A","Official figure",""
"QCL","Crops and livestock products","404","Kenya","5412","Yield","0111","Wheat","1991","1991","kg/ha","1848.4","A","Official figure",""
"QCL","Crops and livestock products","404","Kenya","5412","Yield","0111","Wheat","1992","1992","kg/ha","1935.9","A","Official figure",""
"QCL","Crops and livestock products","404","Kenya","5412","Yield","0111","Wheat","1993","1993","kg/ha","1379.5","A","Official figure",""
"QCL","Crops and livestock products","404","Kenya","5412","Yield","0111","Wheat","1994","1994","kg/ha","2216.4","A","Official figure",""
"QCL","Crops and livestock products","404","Kenya","5412","Yield","0111","Wheat","1995","1995","kg/ha","2106.4","A","Official figure",""
"QCL","Crops and livestock products","404","Kenya","5412","Yield","0111","Wheat","1996","1996","kg/ha","2011.2","A","Official figure",""
"QCL","Crops and livestock products","404","Kenya","5412","Yield","0111","Wheat","1997","1997","kg/ha","1613.2","A","Official figure",""
"QCL","Crops and livestock products","404","Kenya","5412","Yield","0111","Wheat","1998","1998","kg/ha","1895.1","A","Official figure",""
"QCL","Crops and livestock products","404","Kenya","5412","Yield","0111","Wheat","1999","1999","kg/ha","1653.4","A","Official figure",""
"QCL","Crops and livestock products","404","Kenya","5412","Yield","0111","Wheat","2000","2000","kg/ha","1549.2","A","Official figure",""
"QCL","Crops and livestock products","404","Kenya","5412","Yield","0111","Wheat","2001","2001","kg/ha","1989","A","Official figure",""
"QCL","Crops and livestock products","404","Kenya","5412","Yield","0111","Wheat","2002","2002","kg/ha","2121.7","A","Official figure",""
"QCL","Crops and livestock products","404","Kenya","5412","Yield","0111","Wheat","2003","2003","kg/ha","2505.5","A","Official figure",""
"QCL","Crops and livestock products","404","Kenya","5412","Yield","0111","Wheat","2004","2004","kg/ha","2482.7","A","Official figure",""
"QCL","Crops and livestock products","404","Kenya","5412","Yield","0111","Wheat","2005","2005","kg/ha","2313.1","A","Official figure",""
"QCL","Crops and livestock products","404","Kenya","5412","Yield","0111","Wheat","2006","2006","kg/ha","2187.5","A","Official figure",""
"QCL","Crops and livestock products","404","Kenya","5412","Yield","0111","Wheat","2007","2007","kg/ha","3094","A","Official figure",""
"QCL","Crops and livestock products","404","Kenya","5412","Yield","0111","Wheat","2008","2008","kg/ha","2584.5","A","Official figure",""
"QCL","Crops and livestock products","404","Kenya","5412","Yield","0111","Wheat","2009","2009","kg/ha","1666.5","A","Official figure",""
"QCL","Crops and livestock products","404","Kenya","5412","Yield","0111","Wheat","2010","2010","kg/ha","3199.1","A","Official figure",""
"QCL","Crops and livestock products","404","Kenya","5412","Yield","0111","Wheat","2011","2011","kg/ha","2041.5","A","Official figure",""
"QCL","Crops and livestock products","404","Kenya","5412","Yield","0111","Wheat","2012","2012","kg/ha","2972","A","Official figure",""
"QCL","Crops and livestock products","404","Kenya","5412","Yield","0111","Wheat","2013","2013","kg/ha","2760.2","A","Official figure",""
"QCL","Crops and livestock products","404","Kenya","5412","Yield","0111","Wheat","2014","2014","kg/ha","1554.9","A","Official figure",""
"QCL","Crops and livestock products","404","Kenya","5412","Yield","0111","Wheat","2015","2015","kg/ha","1984.1","A","Official figure",""
"QCL","Crops and livestock products","404","Kenya","5412","Yield","0111","Wheat","2016","2016","kg/ha","1402.2","A","Official figure",""
"QCL","Crops and livestock products","404","Kenya","5412","Yield","0111","Wheat","2017","2017","kg/ha","1258.1","A","Official figure",""
"QCL","Crops and livestock products","404","Kenya","5412","Yield","0111","Wheat","2018","2018","kg/ha","2528","A","Official figure",""
"QCL","Crops and livestock products","404","Kenya","5412","Yield","0111","Wheat","2019","2019","kg/ha","2628.7","A","Official figure",""
"QCL","Crops and livestock products","404","Kenya","5412","Yield","0111","Wheat","2020","2020","kg/ha","3060.6","A","Official figure",""
"QCL","Crops and livestock products","404","Kenya","5412","Yield","0111","Wheat","2021","2021","kg/ha","2795.5","A","Official figure",""
"QCL","Crops and livestock products","404","Kenya","5412","Yield","0111","Wheat","2022","2022","kg/ha","3083.9","A","Official figure",""
"QCL","Crops and livestock products","404","Kenya","5412","Yield","0111","Wheat","2023","2023","kg/ha","2963.3","A","Official figure",""
"QCL","Crops and livestock products","404","Kenya","5412","Yield","0111","Wheat","2024","2024","kg/ha","3044.1","A","Official figure",""
